-- You can use this file to load seed data into the database using SQL statements
INSERT INTO `member` VALUES (0,5,'GroÃŸkrotzenburg','john.smith@mailinator.com','John','Smith','2125551212');
INSERT INTO `member` VALUES (1,5,'Test','test.test2@mailinator.com','Test1','Test2','2125551212');
INSERT INTO `member` VALUES (2,5,'Test2','firstname.lastname','Firstname','Lastname','2125551212');
INSERT INTO `member` VALUES (3,3,'HalloStadt','hallo@hallo.de','Hallo','hallo','06186201653');
INSERT INTO `member` VALUES (4,4,'Großkrotzenburg','johann@hallo.de','Johann','Adam','06186');
INSERT INTO `member` VALUES (5,4,'Großkrotzenburg','moritz@hallo.de','Moritz','Elfert',NULL);
INSERT INTO `member` VALUES (6,3,'Großkrotzenburg','julius@hallo.de','Julius','Eltner',NULL);
INSERT INTO `member` VALUES (7,0,'Großkrotzenburg','silas@hallo.de','Silas','N',NULL);
INSERT INTO `member` VALUES (8,3,'Großkrotzenburg','simon@hallo.de','Simon','Schleiden',NULL);
INSERT INTO `trainingday` VALUES ('Dienstag','Großkrotzenburg','16:50','18:40','17:00','18:30');
INSERT INTO `trainingday` VALUES ('Mittwoch','Großkrotzenburg','16:50','18:40','17:00','18:30');
INSERT INTO `training` VALUES ('2013-09-10','Dienstag');
INSERT INTO `training` VALUES ('2013-10-10','Dienstag');
INSERT INTO `training` VALUES ('2013-10-15','Dienstag');
INSERT INTO `training` VALUES ('2013-10-29','Dienstag');
INSERT INTO `training` VALUES ('2013-09-12','Mittwoch');
INSERT INTO `training` VALUES ('2013-10-08','Mittwoch');
INSERT INTO `training` VALUES ('2013-10-17','Mittwoch');
INSERT INTO `participation` VALUES (1,0,0,'2013-03-11',1,1,'2013-09-10');
INSERT INTO `participation` VALUES (2,0,1,'2013-03-11',1,2,'2013-09-12');
INSERT INTO `participation` VALUES (3,0,1,'2013-03-11',1,1,'2013-09-12');
INSERT INTO `participation` VALUES (4,0,0,'2013-03-11',0,2,'2013-09-10');
INSERT INTO `participation` VALUES (5,0,0,'2013-03-11',1,0,'2013-09-10');
INSERT INTO `participation` VALUES (6,0,1,'2013-03-11',1,1,'2013-10-10');
INSERT INTO `participation` VALUES (7,0,0,'2013-03-11',1,2,'2013-10-10');
INSERT INTO `participation` VALUES (8,0,0,'2013-03-11',0,4,'2013-10-29');
INSERT INTO `participation` VALUES (9,0,0,'2013-03-11',0,5,'2013-10-29');
INSERT INTO `participation` VALUES (10,0,0,'2013-03-11',0,6,'2013-10-29');
INSERT INTO `participation` VALUES (11,0,0,'2013-03-11',0,7,'2013-10-29');
INSERT INTO `participation` VALUES (12,0,0,'2013-03-11',0,8,'2013-10-29');
